id,created_by,created_date,last_modified_by,last_modified_date,is_active,campaign_name,budget_total,unit_budget,start_date,end_date,close_date,campaign_status,background_status,pacing_unit,company_id,number_of_pacing,recommend_budget,import_xml_url,bid_set,ats_type,ats_data
1,admin,2022-03-15 01:40:00,user1141,2022-07-27 14:52:37,1,Campaign 121,1002930129,USD,2022-04-26 10:14:43,2022-12-26 10:14:43,2022-12-26 10:14:43,1,1,Daily,1,0,0,https://raw.githubusercontent.com/fantruyent/job/main/job3,,,
2,admin,2022-03-15 02:08:00,admin,2022-07-12 04:14:37.382772,1,drrrrrraft,31710,$,2022-04-26 10:14:43,2022-12-26 10:14:43,2022-12-26 10:14:43,0,,daily,1,0,193257,"",,,
3,admin,2022-03-15 05:16:00,admin,2022-07-12 04:14:38.018630,1,2233,220,$,2022-04-26 10:14:43,2022-12-26 10:14:43,2022-12-26 10:14:43,0,,daily,1,0,193257,"",,,
4,admin,2022-03-16 04:03:00,admin,2022-07-15 02:49:27,1,Campaign draft,1932570,USD,2022-04-26 17:14:43,2022-12-26 17:14:43,2022-12-26 10:14:43,1,1,daily,1,3,0,"",,,
5,admin,2022-03-16 07:46:00,myuser,2022-07-26 18:45:50,1,Trung Thu3,193000,USD,2022-04-27 01:43:32,2022-04-28 01:43:32,,1,1,Daily,1,5,0,"",,,
6,admin,2022-03-17 02:56:00,myuser,2022-07-26 03:51:06,1,Campaign 3-copy,193257,USD,2022-04-27 01:43:32,2022-04-28 01:43:32,,1,,Daily,1,0,0,"",,,
7,admin,2022-03-17 17:26:00,myuser,2022-07-26 09:28:23,1,Campaign draft 123,14910,USD,2022-04-27 01:16:54,2022-04-28 01:16:54,,1,,Daily,1,0,,"",,,
8,admin,2022-03-17 17:27:00,admin,2022-07-22 20:15:09,1,Tet 012,19600,USD,2022-04-27 01:55:08,2022-04-28 01:55:08,,1,1,Daily,1,0,,https://raw.githubusercontent.com/vansuphan/react-app/master/import-xml-admin.xml,,,
9,admin,2022-03-17 17:28:00,admin,2022-07-24 06:26:32,1,Test 123,25000,USD,2022-04-27 02:04:06,2022-04-28 02:04:06,,1,,Daily,1,0,0,https://raw.githubusercontent.com/NguyenVanLinh1709/xml-key/main/job4.xml,,,
10,admin,2022-03-17 17:43:00,client1,2022-05-22 10:57:00,1,Mua he xanh,47180,USD,2022-04-27 02:50:26,2022-04-28 02:50:26,,1,,Daily,1,0,,"",,,
11,admin,2022-03-17 18:24:00,user1141,2022-07-27 14:39:28,1,Mau hef 2,77000,USD,2022-04-27 02:50:26,2022-04-28 02:50:26,,1,1,Daily,1,0,,https://raw.githubusercontent.com/fantruyent/job/main/job3,,,
12,admin,2022-03-17 18:25:00,user1141,2022-07-27 14:38:50,1,Mua he 3 update v1,66000,USD,2022-04-26 10:14:43,2022-12-26 10:14:43,,2,1,daily,1,0,,https://account.webspidermount.com/download/post/13cabfc900adfb063366fa3a3bc65d5b5b4c63bfeb23e78b2471f44aa0b202d2/?inline,,,
13,admin,2022-03-17 18:26:00,admin,2022-07-24 02:37:50,1,Mua he 45,44,USD,2022-04-27 01:43:32,2022-04-28 01:43:32,,1,1,Daily,1,0,0,https://raw.githubusercontent.com/NguyenVanLinh1709/xml-key/main/job.xml,,,
15,admin,2022-04-27 08:30:06.517883,,2022-04-27 08:30:06.517883,1,New  1299-copy,100,USD,2022-04-27 02:50:26,2022-04-28 02:50:26,,3,,Daily,1,0,,"",,,
16,admin,2022-04-27 08:30:52.620620,,2022-04-27 08:30:52.620620,1,New  1299-copy-copy,100,USD,2022-04-27 02:50:26,2022-04-28 02:50:26,,3,,Daily,1,0,,"",,,
18,admin,2022-05-02 17:25:34.614917,admin,2022-07-18 07:14:50,1,Campaign test publisher,12000,USD,2022-05-02 17:24:31,2022-05-03 17:24:31,,1,1,Daily,1,0,,"",,,
20,admin,2022-05-03 03:24:45.412340,admin,2022-05-04 04:52:54,1,Campaign 1023,12000,USD,2022-05-03 03:22:54,2022-05-04 03:22:54,,3,,Daily,1,0,,"",,,
22,admin,2022-05-03 18:06:03.890502,,2022-05-03 18:06:03.890502,1,Campaign 10500,1111,USD,2022-05-03 18:05:13,2022-05-04 18:05:13,,3,,Daily,1,0,,"",,,
24,admin,2022-05-04 04:05:38.529791,,2022-05-04 04:05:38.529791,1,Campaign 1105,1000,USD,2022-05-04 04:05:15,2022-05-05 04:05:15,,3,,Daily,1,0,,"",,,
26,admin,2022-05-04 06:48:09.401596,admin,2022-05-08 16:29:08,1,New Campaign tesst,1000,USD,2022-05-04 00:00:00,2022-05-31 00:00:00,,2,,Daily,1,0,,"",,,
28,admin,2022-05-04 07:52:34.059030,,2022-05-04 07:52:34.059030,1,New Campaign test 1,1111,USD,2022-05-04 00:00:00,2022-05-31 00:00:00,,1,,Daily,1,0,,"",,,
30,admin,2022-05-04 17:44:11.119553,admin,2022-06-15 08:49:53,1,Campaign 1243-copy,1234,USD,2022-05-04 17:43:39,2022-05-05 17:43:39,,1,1,Daily,1,0,,"",,,
31,admin,2022-05-05 06:17:52.846115,,2022-05-05 06:17:52.846115,1,Campaign 115,2000,USD,2022-05-05 00:00:00,2022-05-28 00:00:00,,3,,Daily,1,0,,"",,,
32,admin,2022-05-05 08:17:16.856583,admin,2022-05-20 03:16:35,1,New Campaign 05052022,333,USD,2022-05-05 08:09:47,2022-05-06 08:09:47,,2,,Daily,1,0,,"",,,
33,admin,2022-05-05 08:37:13.763313,,2022-05-05 08:37:13.763313,1,05052022 test feed,222,USD,2022-05-05 08:09:47,2022-05-06 08:09:47,,1,,Daily,1,0,,"",,,
34,admin,2022-05-06 07:47:55.179456,admin,2022-05-20 03:16:27,1,Baby Cute,1000,$,2022-05-05 04:25:14,2022-05-05 04:25:14,2022-05-05 04:25:14,2,,daily,1,0,,"",,,
35,admin,2022-05-07 14:58:06.028118,,2022-05-07 14:58:06.028118,1,New Campaign budget 22,2,USD,2022-05-07 14:57:24,2022-05-08 14:57:24,,1,,Daily,1,0,,"",,,
36,admin,2022-05-07 14:58:30.924567,admin,2022-05-20 03:16:30,1,New Campaign2222222222,222,USD,2022-05-07 14:57:24,2022-05-08 14:57:24,,2,,Daily,1,0,,"",,,
37,admin,2022-05-10 03:23:13.897845,admin,2022-05-10 09:25:59,1,New Campaign,1,USD,2022-05-10 03:16:42,2022-05-11 03:16:42,,1,,Daily,1,0,,"",,,
38,admin,2022-05-10 03:23:49.560861,,2022-05-10 03:23:49.560861,1,New Campaign2,1,USD,2022-05-10 03:16:42,2022-05-11 03:16:42,,3,,Daily,1,0,,"",,,
39,admin,2022-05-10 03:44:08.583017,,2022-05-10 03:44:08.583017,1,New Campaign3,2,USD,2022-05-10 03:43:49,2022-05-11 03:43:49,,3,,Daily,1,0,,"",,,
40,admin,2022-05-17 10:56:46.315043,,2022-05-17 10:56:46.315043,1,Campaign Name 3,1000,$,2022-05-17 10:32:54,2022-05-17 10:32:54,2022-05-17 10:32:54,1,,daily,1,0,,"",,,
43,admin,2022-05-17 18:56:40.476349,admin,2022-07-23 08:38:26,1,Gotoro man,1000,$,2022-05-17 18:47:26,2022-05-17 18:47:26,2022-05-17 18:47:26,1,1,daily,1,0,,dddđ,,,
44,admin,2022-05-18 09:09:56.765043,admin,2022-05-18 09:20:23,1,Gotoro Boy Man,1000,$,2022-05-18 09:08:08,2022-05-18 09:08:08,2022-05-18 09:08:08,1,1,daily,1,0,,"",,,
45,admin,2022-05-18 10:09:01.621438,admin,2022-05-20 07:21:42,1,Gotoro Boy KI,1000,$,2022-05-18 09:08:08,2022-05-18 09:08:08,2022-05-18 09:08:08,2,1,daily,1,0,,"",,,
47,admin,2022-05-18 10:09:41.738766,admin,2022-05-18 10:09:41.738766,1,Gotoro Boy KI-1,1000,$,2022-05-18 09:08:08,2022-05-18 09:08:08,2022-05-18 09:08:08,1,1,daily,1,0,,"",,,
48,admin,2022-05-18 10:25:55.437055,self_client,2022-07-14 07:40:38,1,Gotoro Boy Man 12,60000,USD,2022-05-18 23:08:08,2022-05-18 23:08:08,2022-05-18 09:08:08,1,1,Daily,33,3,0,http://193.122.130.90/api/job/xml/get-import-xml-file,,,
50,client1,2022-05-23 05:02:35.174611,client1,2022-05-23 05:02:35.174611,1,Campaign Name 1235,1000,$,2022-05-23 11:33:27,2022-05-23 11:33:27,2022-05-23 11:33:27,1,1,daily,1,0,,"",,,
51,client1,2022-05-23 06:02:10.297857,client1,2022-05-23 06:02:10.297857,1,Milo,100,USD,2022-05-23 04:47:36,2022-05-24 04:47:36,,1,,Daily,1,0,,"",,,
52,client1,2022-05-23 06:14:38.561800,client1,2022-05-23 07:02:28,1,Campaign 114_update,20000,USD,2022-06-03 00:00:00,2022-06-11 00:00:00,,1,1,Daily,1,0,,"",,,
53,vansu@fmail.com,2022-05-23 07:12:54.042743,admin,2022-07-25 06:30:55,1,Campaign Tet ,1000,USD,2022-05-23 07:10:02,2022-05-23 07:10:02,2022-05-23 07:10:02,1,1,daily,40,0,,"",,,
54,self_client,2022-05-23 09:28:29.146854,self_client,2022-07-23 08:10:55,1,test 23052022,20050,USD,2022-05-23 00:00:00,2022-05-26 00:00:00,,1,1,Daily,33,0,,https://raw.githubusercontent.com/vansuphan/react-app/master/test-import-file.xml,,,
55,client1,2022-05-27 13:17:06.030082,client1,2022-05-27 13:17:33,1,Luke May Campaign,1000,USD,2022-05-27 00:00:00,2022-05-31 00:00:00,,3,1,Daily,1,0,,"",,,
56,luke.silcock@gmail.com,2022-05-31 15:01:23.376943,luke.silcock@gmail.com,2022-05-31 15:01:23.376943,1,Chetu Campaign for QA Excellence,500,USD,2022-06-14 00:00:00,2022-06-16 00:00:00,,3,1,Daily,57,0,,"",,,
57,self_client,2022-06-06 08:56:44.355815,self_client,2022-07-16 09:06:36,1,Campaign 352,100009,USD,2022-06-06 00:00:00,2022-06-11 00:00:00,,1,1,Daily,33,0,0,"",,,
58,self_client,2022-06-06 09:02:26.097520,self_client,2022-07-15 13:48:42,1,Campaign 358-copy,10000,USD,2022-06-06 00:00:00,2022-06-11 00:00:00,,2,1,Daily,33,0,,"",,,
59,self_client,2022-06-07 07:47:48.402207,self_client,2022-07-06 06:26:14,1,Campaign 247,9000,USD,2022-06-07 00:00:00,2022-06-11 00:00:00,,2,1,Daily,33,0,,"",,,
60,admin,2022-06-07 08:17:06.847808,admin,2022-06-07 08:17:06.847808,1,Campaign 316,2000,USD,2022-06-07 00:00:00,2022-06-11 00:00:00,,1,1,Daily,1,0,,"",,,
61,admin,2022-06-09 04:52:21.577448,admin,2022-07-27 14:46:57,1,Campaign 1151_update,10000,USD,2022-06-09 00:00:00,2022-06-15 00:00:00,,2,1,Daily,3,0,,https://account.webspidermount.com/download/post/13cabfc900adfb063366fa3a3bc65d5b5b4c63bfeb23e78b2471f44aa0b202d2/?inline,,,
62,admin,2022-06-10 03:53:11.171704,admin,2022-06-10 03:53:11.171704,1,Campaign 1052,2000,USD,2022-06-10 00:00:00,2022-06-16 00:00:00,,1,1,Daily,8,0,,"",,,
63,admin,2022-06-10 07:16:47.188144,admin,2022-06-10 07:16:47.188144,1,Campaign 216,2000,USD,2022-06-10 00:00:00,2022-06-17 00:00:00,,1,1,Daily,10,0,,"",,,
64,admin,2022-06-11 02:42:10.135657,admin,2022-06-11 02:42:10.135657,1,campaign 9412,10000,USD,2022-06-11 00:00:00,2022-06-18 00:00:00,,1,1,Daily,1,0,,"",,,
65,admin,2022-06-11 02:43:38.613834,admin,2022-06-11 02:43:38.613834,1,Campaign 944,20000,USD,2022-06-12 00:00:00,2022-06-18 00:00:00,,1,1,Daily,8,0,,"",,,
68,admin,2022-06-11 05:22:02.648262,admin,2022-06-11 05:22:02.648262,1,New Campaign22222,50000,USD,2022-06-11 05:21:37,2022-06-12 05:21:37,,1,1,Daily,3,0,,"",,,
69,admin,2022-06-11 05:24:27.216828,admin,2022-07-25 04:50:43,1,New 2112,30030,USD,2022-06-11 05:22:43,2022-06-12 05:22:43,,1,1,Daily,15,0,,https://account.webspidermount.com/download/post/13cabfc900adfb063366fa3a3bc65d5b5b4c63bfeb23e78b2471f44aa0b202d2/?inline,,,
70,admin,2022-06-11 05:28:58.374868,admin,2022-06-11 05:28:58.374868,1,New Campaign3236598,300112,USD,2022-06-11 05:28:13,2022-06-12 05:28:13,,1,1,Daily,40,0,,"",,,
71,admin,2022-06-11 05:31:21.408928,admin,2022-06-11 05:31:21.408928,1,tetst1305,344556,USD,2022-06-11 05:29:46,2022-06-12 05:29:46,,1,1,Daily,8,0,,"",,,
72,admin,2022-06-11 05:42:47.252852,admin,2022-06-11 05:42:47.252852,1,New Campaignasdfasdfqwefsdf,125450,USD,2022-06-11 05:42:33,2022-06-12 05:42:33,,1,1,Daily,3,0,,"",,,
73,admin,2022-06-11 05:43:57.189800,admin,2022-07-23 02:35:56,1,New Campaignasdfsadf,45697845,USD,2022-06-11 05:43:37,2022-06-12 05:43:37,,1,1,Daily,10,0,,https://raw.githubusercontent.com/vansuphan/react-app/master/import-xml-admin.xml,,,
74,admin,2022-06-11 06:03:32.624155,admin,2022-06-11 06:03:32.624155,1,New Campaignádr234asfas,3021,USD,2022-06-11 06:03:09,2022-06-12 06:03:09,,1,1,Daily,8,0,,"",,,
75,admin,2022-06-11 06:07:38.706129,admin,2022-06-11 06:07:38.706129,1,New Campaignfasdfcxvxv,3465623,USD,2022-06-11 06:07:12,2022-06-12 06:07:12,,1,1,Daily,3,0,,"",,,
76,admin,2022-06-11 06:09:43.275424,admin,2022-06-11 06:09:43.275424,1,New Campaignádfsafasdf,12545,USD,2022-06-11 06:09:33,2022-06-12 06:09:33,,1,1,Daily,3,0,,"",,,
77,admin,2022-06-11 06:11:37.977193,admin,2022-06-11 06:11:37.977193,1,New Campaigndfasdfas,60000,USD,2022-06-11 06:11:16,2022-06-12 06:11:16,,1,1,Daily,1,0,,"",,,
78,admin,2022-06-11 06:16:11.604987,admin,2022-06-11 06:16:11.604987,1,New Campaignádvcxvzvxzcv,2364653,USD,2022-06-11 06:15:53,2022-06-12 06:15:53,,1,1,Daily,8,0,,"",,,
79,admin,2022-06-11 06:18:46.213855,admin,2022-06-11 06:18:46.213855,1,New Campaignzxcvdfa,54510124,USD,2022-06-11 06:15:53,2022-06-12 06:15:53,,1,1,Daily,8,0,,"",,,
80,admin,2022-06-11 06:23:59.771761,admin,2022-06-11 06:23:59.771761,1,New Campaig 130599,5045444,USD,2022-06-11 06:15:53,2022-06-12 06:15:53,,1,1,Daily,8,0,,"",,,
81,admin,2022-06-11 06:27:24.667951,admin,2022-06-11 06:27:24.667951,1,New Campaign 123456,111111,USD,2022-06-11 06:26:45,2022-06-12 06:26:45,,1,1,Daily,3,0,,"",,,
82,admin,2022-06-11 06:42:20.936060,admin,2022-06-11 06:42:20.936060,1,New Campaign 1114556,565656,USD,2022-06-11 06:42:07,2022-06-12 06:42:07,,1,1,Daily,8,0,,"",,,
83,letheanh363399@gmail.com,2022-06-11 06:43:37.757509,letheanh363399@gmail.com,2022-06-11 06:43:37.757509,1,Campaign Name,1000,$,2022-06-11 02:11:56,2022-06-11 02:11:56,2022-06-11 02:11:56,1,1,daily,1,0,,"",,,
84,admin,2022-06-12 02:22:27.111006,admin,2022-06-15 04:44:00,1,Campaign 920-copy,1000,USD,2022-06-12 00:00:00,2022-06-18 00:00:00,,1,1,Daily,1,0,,"",,,
85,admin,2022-06-12 02:37:25.059998,admin,2022-06-12 02:37:25.059998,1,New Campaign123,11111,USD,2022-06-12 02:36:46,2022-06-13 02:36:46,,3,1,Daily,1,0,,"",,,
86,admin,2022-06-12 14:24:46.706072,admin,2022-06-12 14:24:46.706072,1,Campaign 924,10000,USD,2022-06-12 00:00:00,2022-06-18 00:00:00,,1,1,Daily,1,0,,"",,,
87,admin,2022-06-13 03:48:05.923143,admin,2022-06-13 03:48:05.923143,1,Campaign 1047,10000,USD,2022-06-13 00:00:00,2022-06-18 00:00:00,,1,1,Daily,1,0,,"",,,
88,admin,2022-06-13 07:25:10.930059,admin,2022-06-13 07:25:10.930059,1,Campaign 224,10000,USD,2022-06-13 00:00:00,2022-06-18 00:00:00,,1,1,Daily,1,0,,"",,,
89,admin,2022-06-13 07:44:57.532390,admin,2022-06-13 07:44:57.532390,1,Campaign 244,10000,USD,2022-06-13 00:00:00,2022-06-25 00:00:00,,1,1,Daily,1,0,,"",,,
90,admin,2022-06-13 14:38:10.128839,admin,2022-06-13 14:38:10.128839,1,Campaign 937,10000,USD,2022-06-13 00:00:00,2022-06-18 00:00:00,,1,1,Daily,1,0,,"",,,
91,admin,2022-06-13 16:55:37.143277,admin,2022-07-18 03:13:20,1,Campaign 1155,10000,USD,2022-06-13 16:54:51,2022-06-14 16:54:51,,1,1,Daily,1,0,,http://localhost:3000/api/job/xml/get-import-xml-file,,,
92,testclosejob@gmail.com,2022-06-14 07:41:17.846901,testclosejob@gmail.com,2022-06-14 07:41:17.846901,1,New Campaign 20221606,100,USD,2022-06-14 00:00:00,2022-06-17 00:00:00,,1,1,Daily,69,0,,"",,,
93,self_client,2022-06-15 02:45:30.599090,self_client,2022-07-15 13:48:43,1,New Campaign n,1000,USD,2022-06-15 00:00:00,2022-06-18 00:00:00,,2,1,Daily,33,0,,http://193.122.130.90/api/job/xml/get-import-xml-file,,,
94,admin,2022-06-15 06:31:37.164984,admin,2022-06-15 06:31:37.164984,1,New Campaign empty-copy,20,USD,2022-04-27 01:43:32,2022-04-28 01:43:32,,1,1,Daily,1,0,,"",,,
95,admin,2022-06-15 06:34:21.268952,admin,2022-06-15 06:34:21.268952,1,Campaign 133,133000,USD,2022-06-15 06:33:24,2022-06-16 06:33:24,,1,1,Daily,1,0,,"",,,
96,admin,2022-06-15 06:34:58.962737,admin,2022-06-15 06:34:58.962737,1,Campaign 133-copy,133000,USD,2022-06-15 06:33:24,2022-06-16 06:33:24,,1,1,Daily,1,0,,"",,,
97,admin,2022-06-15 08:50:39.118577,admin,2022-06-15 08:50:39.118577,1,New Campaign tesst-copy,1000,USD,2022-05-04 00:00:00,2022-05-31 00:00:00,,1,1,Daily,1,0,,"",,,
98,admin,2022-06-20 08:44:34.692156,self_client,2022-07-15 13:48:38,1,Trung thu,10000,USD,2022-06-20 00:00:00,2022-06-23 00:00:00,,2,1,Daily,33,0,,"",,,
99,admin,2022-06-21 03:13:39.763034,admin,2022-06-21 03:13:39.763034,1,Campaign 1013,20000,USD,2022-06-21 03:12:45,2022-06-22 03:12:45,,1,1,Daily,1,0,,"",,,
100,self_client,2022-06-22 07:18:34.791414,self_client,2022-07-06 06:25:57,1,sync data,20000,USD,2022-06-22 07:18:02,2022-06-23 07:18:02,,2,1,Daily,33,0,,"",,,
101,admin,2022-06-22 16:06:04.037937,admin,2022-06-22 17:19:06,1,Campaign 1103,10000,USD,2022-06-22 00:00:00,2022-06-30 00:00:00,,1,1,Daily,1,6,,"",,,
102,admin,2022-06-23 07:18:22.273734,admin,2022-06-23 07:18:22.273734,1,Campaign 217,10000,USD,2022-06-23 07:16:06,2022-06-24 07:16:06,,1,1,Daily,1,0,,"",,,
103,self_client,2022-06-23 08:34:51.775999,self_client,2022-07-01 18:41:28,1,Thang test,10000,USD,2022-06-23 15:33:29,2022-06-24 15:33:29,,2,1,Daily,33,0,,"",,,
104,self_client,2022-06-23 08:37:38.530031,self_client,2022-06-29 08:28:13,1,New Campaign test 623,8000,USD,2022-06-23 07:37:35,2022-06-24 07:37:35,,0,1,Daily,33,0,,"",,,
105,self_client,2022-06-23 10:18:43.956181,self_client,2022-07-06 06:25:59,1,Campaign 517,10000,USD,2022-06-23 00:00:00,2022-07-02 00:00:00,,2,1,Daily,33,7,,"",,,
106,admin,2022-06-27 03:07:45.858051,admin,2022-06-27 03:09:10,1,Campaign 1006,10000,USD,2022-07-05 00:00:00,2022-07-09 00:00:00,,1,1,Daily,1,3,,"",,,
107,admin,2022-06-27 03:16:02.336009,admin,2022-06-27 03:16:02.336009,1,Campaign 1015,10000,USD,2022-06-30 00:00:00,2022-07-09 00:00:00,,1,1,Daily,1,5,,"",,,
108,admin,2022-06-27 06:25:33.665661,admin,2022-06-27 06:25:33.665661,1,Campaign of Vuong,100000,USD,2022-06-27 04:30:01,2022-06-28 04:30:01,,3,1,Daily,10,0,,"",,,
110,admin,2022-06-29 14:34:07.435910,admin,2022-06-29 14:34:07.435910,1,New Campaign 1111,122222222,USD,2022-06-29 00:00:00,2022-07-09 00:00:00,,1,1,Weekly,1,1,,"",,,
111,self_client,2022-07-01 09:10:09.359893,self_client,2022-07-01 09:10:09.359893,1,Campaign 1609,10000,USD,2022-07-01 00:00:00,2022-07-16 00:00:00,,1,1,Daily,33,5,,"",,,
112,admin,2022-07-04 08:19:53.250382,admin,2022-07-04 08:19:53.250382,1,193281209312,10000,USD,2022-07-04 08:07:38,2022-07-05 08:07:38,,3,1,Daily,157,0,,"",,,
113,self_client,2022-07-05 02:20:44.282733,self_client,2022-07-18 04:29:58,1,Anh Test Campaign,1000000,USD,2022-07-05 02:19:34,2022-07-06 02:19:34,,1,1,Daily,33,0,,"",,,
114,self_client,2022-07-05 02:42:01.011234,self_client,2022-07-05 02:42:01.011234,1,Anh test New Campaign 7/5,1000000,USD,2022-07-05 02:40:16,2022-07-06 02:40:16,,3,1,Daily,33,0,,"",,,
116,vinfast@mail.com,2022-07-05 09:24:58.460005,vinfast@mail.com,2022-07-05 09:38:21,1,VINFAST CAMPAIGN,123123,USD,2022-07-05 09:24:13,2022-07-06 09:24:13,,1,2,Daily,162,0,,"",,,
117,self_client,2022-07-06 07:25:18.218293,self_client,2022-07-16 09:16:17,1,New Campaign N 6T7,20000,USD,2022-07-06 00:00:00,2022-07-09 00:00:00,,1,1,Daily,33,4,,"",,,
118,admin,2022-07-13 08:35:23.107692,admin,2022-07-13 09:47:33.054903,1,"",193257,USD,2022-04-26 10:14:43,2022-12-26 10:14:43,,1,1,Daily,2,0,,,,,
119,admin,2022-07-13 08:44:12.992860,admin,2022-07-13 09:47:34.104717,1,test create 713 343 by LTA,12000,USD,2022-07-13 08:42:34,2022-07-14 08:42:34,,3,1,Daily,1,0,,,,,
120,admin,2022-07-13 08:50:16.127440,admin,2022-07-13 09:47:35.154889,1,test create 713 343 by LTA-copy,12000,USD,2022-07-13 08:42:34,2022-07-14 08:42:34,,3,1,Daily,1,0,,,,,
121,self_client,2022-07-13 09:16:11.596297,self_client,2022-07-16 09:16:35,1,New Campaign 713 415,1,USD,2022-07-13 09:15:29,2022-07-14 09:15:29,,2,1,Daily,33,0,,,,,
122,pokixe6353@lankew.com,2022-07-13 13:19:22.022482,pokixe6353@lankew.com,2022-07-13 13:19:22.022482,1,New Campaign 1307 2019,1000,USD,2022-07-13 00:00:00,2022-07-27 00:00:00,,1,1,Daily,165,2,,,,,
123,admin,2022-07-14 03:04:51.889012,admin,2022-07-14 03:04:51.889012,1,New Campaign 714 1001,1,USD,2022-07-14 03:00:49,2022-07-15 03:00:49,,3,1,Daily,3,0,,,,1,
124,admin,2022-07-14 07:45:54.379057,admin,2022-07-14 07:45:54.379057,1,Campaign1445147,5000,USD,2022-07-14 00:00:00,2022-07-23 00:00:00,,1,1,Daily,4,10,,,,1,
125,admin,2022-07-14 09:08:44.651853,admin,2022-07-14 09:08:44.651853,1,campaign 1067147,10000,USD,2022-07-14 00:00:00,2022-07-29 00:00:00,,1,1,Daily,1,10,,,,1,
126,admin,2022-07-14 09:44:35.635488,admin,2022-07-14 09:44:35.635488,1,New Campaign 0011,1010101010,USD,2022-07-14 09:39:42,2022-07-15 09:39:42,,1,1,Daily,2,0,,,,,
127,admin,2022-07-14 09:44:53.370780,admin,2022-07-14 09:44:53.370780,1,New Campaign 121212,12121212,USD,2022-07-14 09:39:42,2022-07-15 09:39:42,,1,1,Daily,2,0,,,,,
128,admin,2022-07-15 03:09:29.888105,admin,2022-07-15 03:09:29.888105,1,New Campaign tb,2000000,USD,2022-07-15 03:00:12,2022-07-16 03:00:12,,1,1,Daily,3,0,,,,,
129,self_client,2022-07-15 03:16:06.434906,self_client,2022-07-16 09:16:09,1,New Campaign Test ATS,1000,USD,2022-07-22 00:00:00,2022-07-25 00:00:00,,1,1,Daily,33,4,,,,3,
130,admin,2022-07-15 03:38:08.517285,admin,2022-07-15 03:38:08.517285,1,Campaign 1037,2000,USD,2022-07-15 00:00:00,2022-07-29 00:00:00,,1,1,Daily,2,0,,,,,
131,admin,2022-07-15 04:27:25.256852,admin,2022-07-15 04:27:25.256852,1,Campaign1126157,2000,USD,2022-07-15 00:00:00,2022-07-29 00:00:00,,1,1,Daily,2,6,,,,,
132,self_client,2022-07-15 06:43:29.948228,self_client,2022-07-16 09:16:01,1,Campaign test 151,1000,USD,2022-07-15 00:00:00,2022-07-22 00:00:00,,1,1,Daily,33,3,,,,1,
133,admin,2022-07-15 06:53:05.560440,admin,2022-07-15 06:53:05.560440,1,Campaign 1351157,20000,USD,2022-07-15 00:00:00,2022-07-24 00:00:00,,1,1,Daily,2,10,,,,,
134,admin,2022-07-15 07:27:58.783266,admin,2022-07-15 07:27:58.783266,1,New Campaign 4536271809,4536271809,USD,2022-07-15 07:22:33,2022-07-16 07:22:33,,3,1,Daily,2,0,,,,,
140,admin,2022-07-15 07:28:25.761164,admin,2022-07-15 07:28:25.761164,1,New Campaign testt,56666,USD,2022-07-15 07:22:33,2022-07-16 07:22:33,,3,1,Daily,2,0,,,,,
141,admin,2022-07-15 07:42:54.454553,admin,2022-07-15 08:48:41,1, Campaign 151,1000,USD,2022-07-15 00:00:00,2022-07-22 00:00:00,,2,1,Daily,175,5,,,,1,
142,admin,2022-07-15 08:51:57.329702,admin,2022-07-15 08:51:57.329702,1,Campaign 151,10000,USD,2022-07-15 00:00:00,2022-07-22 00:00:00,,1,1,Daily,175,5,,,,1,
143,admin,2022-07-15 13:34:48.312842,admin,2022-07-15 13:34:48.312842,1,New Campaign 15t7 2034,10000,USD,2022-07-15 00:00:00,2022-07-27 00:00:00,,1,1,Daily,1,10,,,,,
144,self_client,2022-07-16 09:08:17.862170,admin,2022-07-25 09:15:34,1,Speed Up campaign,2000,USD,2022-07-16 00:00:00,2022-07-31 00:00:00,,1,1,Daily,33,0,,,,,
145,tarapo4887@storypo.com,2022-07-16 09:26:47.377335,whoisyourmommy_2,2022-07-20 09:07:14,1,FPT campaign ,10000,USD,2022-07-16 00:00:00,2022-07-31 00:00:00,,1,1,Daily,182,0,,,,,
146,admin,2022-07-18 03:56:01.746575,admin,2022-07-18 04:22:47,1,Campaign 1054187_update,999999,USD,2022-07-18 03:48:52,2022-07-19 03:48:52,,1,1,Daily,2,0,,,,,
148,admin,2022-07-18 04:15:45.663755,admin,2022-07-18 04:15:45.663755,1,Tester for system test in Danang,120000,USD,2022-07-18 03:58:52,2022-07-19 03:58:52,,3,1,Daily,3,0,,,,1,
150,self_client,2022-07-18 04:28:10.697909,self_client,2022-07-18 04:28:10.697909,1,Campaign 1127187,20000,USD,2022-07-18 04:27:31,2022-07-19 04:27:31,,3,1,Daily,33,0,,,,,
151,self_client,2022-07-18 04:38:48.505457,self_client,2022-07-18 04:38:48.505457,1,Campaign_n 18T7 Test 151,10000,USD,2022-07-18 00:00:00,2022-07-24 00:00:00,,1,1,Daily,33,7,,,,,
152,admin,2022-07-18 04:53:45.034656,admin,2022-07-18 04:53:45.034656,1,Campaign_n_ad test 151,5000,USD,2022-07-18 00:00:00,2022-07-24 00:00:00,,1,1,Daily,1,7,,,,,
153,admin,2022-07-18 07:14:57.414809,admin,2022-07-18 07:14:57.414809,1,New Campaign test 718 214,120000,USD,2022-07-18 07:13:05,2022-07-19 07:13:05,,3,1,Daily,1,0,,,,3,
154,admin,2022-07-18 07:21:11.105060,admin,2022-07-18 07:21:11.105060,1,New Campaign test 718 220,120000,USD,2022-07-18 07:19:20,2022-07-19 07:19:20,,1,1,Daily,2,0,,,,2,
155,admin,2022-07-18 07:59:47.791021,admin,2022-07-18 07:59:47.791021,1,New Campaign ats,6000,USD,2022-07-18 08:01:38,2022-07-19 08:01:38,,3,1,Daily,3,0,,,,,
158,admin,2022-07-18 08:00:37.015385,admin,2022-07-18 08:00:37.015385,1,New Campaign kaka,7000,USD,2022-07-18 08:01:38,2022-07-19 08:01:38,,3,1,Daily,2,0,,,,,
159,admin,2022-07-18 08:05:38.317029,admin,2022-07-18 08:05:38.317029,1,New Campaignkkkk,60000,USD,2022-07-18 08:01:42,2022-07-19 08:01:42,,3,1,Daily,2,0,,,,,
161,admin,2022-07-18 08:14:04.684723,admin,2022-07-18 08:14:04.684723,1,New Campaign baka,60000,USD,2022-07-18 08:15:44,2022-07-19 08:15:44,,1,1,Daily,1,0,,,,,
162,admin,2022-07-18 08:15:10.977290,admin,2022-07-18 08:15:10.977290,1,New Campaign dz,2000,USD,2022-07-18 08:15:44,2022-07-19 08:15:44,,3,1,Daily,4,0,,,,,
165,admin,2022-07-18 08:17:45.714370,admin,2022-07-18 09:56:16,1,New Campaign ss,2201,USD,2022-07-18 08:19:01,2022-07-19 08:19:01,,1,1,Daily,2,0,,,,,
166,admin,2022-07-18 08:18:57.700506,admin,2022-07-18 08:18:57.700506,1,New Campaign az,2222,USD,2022-07-18 08:20:45,2022-07-19 08:20:45,,3,1,Daily,1,0,,,,,
169,admin,2022-07-18 08:19:50.262258,admin,2022-07-18 09:57:25,1,New Campaign fsoft,500,USD,2022-07-18 08:21:53,2022-07-19 08:21:53,,1,1,Daily,2,0,,,,,
172,admin,2022-07-18 08:21:48.165385,admin,2022-07-18 08:21:48.165385,1,New Campaign fpt,3223,USD,2022-07-18 08:21:53,2022-07-19 08:21:53,,3,1,Daily,2,0,,,,,
173,admin,2022-07-18 08:22:30.704501,admin,2022-07-18 08:22:30.704501,1,New Campaign aew,90,USD,2022-07-18 08:21:53,2022-07-19 08:21:53,,3,1,Daily,8,0,,,,,
175,admin,2022-07-18 08:23:22.291067,admin,2022-07-18 08:23:22.291067,1,New Campaign publisher,600,USD,2022-07-18 08:25:21,2022-07-19 08:25:21,,3,1,Daily,8,0,,,,,
178,admin,2022-07-18 08:26:03.595018,admin,2022-07-18 08:26:03.595018,1,Campaign 1525187,200000,USD,2022-07-18 08:16:33,2022-07-19 08:16:33,,1,1,Daily,3,0,,,,,
179,admin,2022-07-18 08:44:21.207842,admin,2022-07-18 08:44:21.207842,1,New Campaign fptt,212,USD,2022-07-18 08:45:43,2022-07-19 08:45:43,,3,1,Daily,2,0,,,,,
180,admin,2022-07-18 08:44:35.682622,admin,2022-07-18 08:44:35.682622,1,New Campaign a2,60000,USD,2022-07-18 08:45:43,2022-07-19 08:45:43,,3,1,Daily,1,0,,,,,
186,admin,2022-07-18 08:49:43.774015,admin,2022-07-18 08:49:43.774015,1,New Campaign fjt,300,USD,2022-07-18 08:51:07,2022-07-19 08:51:07,,3,1,Daily,2,0,,,,,
187,admin,2022-07-18 08:51:38.607893,admin,2022-07-18 08:51:38.607893,1,New Campaign dev,2222,USD,2022-07-18 08:53:43,2022-07-19 08:53:43,,3,1,Daily,3,0,,,,,
188,admin,2022-07-18 09:55:46.913664,admin,2022-07-18 09:55:46.913664,1,Campaign 1654187,100000,USD,2022-07-18 09:12:29,2022-07-19 09:12:29,,3,1,Daily,2,0,,,,,
189,self_client,2022-07-18 10:00:27.797694,self_client,2022-07-18 10:00:27.797694,1,Campaign 1700187,20000,USD,2022-07-18 09:09:58,2022-07-19 09:09:58,,3,1,Daily,33,0,,,,,
190,admin,2022-07-18 10:01:16.234867,admin,2022-07-18 10:01:16.234867,1,Campaign 1700187564,20000,USD,2022-07-18 09:12:29,2022-07-19 09:12:29,,3,1,Daily,4,0,,,,,
191,self_client,2022-07-19 02:39:46.545712,self_client,2022-07-19 02:39:46.545712,1,New Campaign 1907 0939,10000,USD,2022-07-19 00:00:00,2023-07-29 00:00:00,,1,1,Daily,33,100,,,,,
192,self_client,2022-07-19 02:52:33.339786,self_client,2022-07-23 03:00:29,1,New Campaignfde,121212123,USD,2022-07-19 02:49:01,2022-07-20 02:49:01,,3,2,Daily,33,0,,,,,
193,NVM,2022-07-21 04:15:28.231850,NVM,2022-07-21 04:15:28.231850,1,Campaign 1113,5555,USD,2022-07-21 00:00:00,2022-07-23 00:00:00,,1,1,Daily,194,2,,,,,
194,admin,2022-07-21 04:24:49.895827,admin,2022-07-21 04:24:49.895827,1,Senior manual tester,1000,USD,2022-07-21 00:00:00,2022-07-31 00:00:00,,3,1,Daily,195,0,,,,1,
195,admin,2022-07-21 07:48:29.333603,admin,2022-07-21 07:48:29.333603,1,New Sinh CU,1000,USD,2022-07-21 05:24:29,2022-07-22 05:24:29,,3,1,Daily,1,0,,,,,
196,admin,2022-07-21 09:23:22.145065,admin,2022-07-21 09:23:22.145065,1,Campaign 1620217,100000,USD,2022-07-21 00:00:00,2022-07-30 00:00:00,,3,1,Daily,2,8,,,,,
197,mojon32507@lodores.com,2022-07-21 13:14:32.372309,mojon32507@lodores.com,2022-07-25 09:12:51,1,Test Campaign 21072022,10000000,USD,2022-07-21 00:00:00,2022-08-31 00:00:00,,1,2,Daily,241,10,,,,3,
198,user1141,2022-07-22 02:14:54.699570,user1141,2022-07-22 02:15:47,1,Campaign 0913227,10000,USD,2022-07-22 02:12:26,2022-07-23 02:12:26,,1,1,Daily,1,0,,,,,
199,admin,2022-07-22 03:17:04.381175,admin,2022-07-22 03:17:25,1,Campaign 1016,100000,USD,2022-07-22 03:16:43,2022-07-23 03:16:43,,1,1,Daily,2,0,,,,,
200,admin,2022-07-22 10:16:41.620389,admin,2022-07-22 10:16:41.620389,1,New Campaign test lta 722 514,12000,USD,2022-07-22 10:04:56,2022-07-23 10:04:56,,1,1,Daily,3,0,,,,3,
201,admin,2022-07-22 10:20:38.507114,admin,2022-07-22 10:20:38.507114,1,New Campaign test 718 214-copy,120000,USD,2022-07-18 07:13:05,2022-07-19 07:13:05,,3,1,Daily,3,0,,,,1,
202,admin,2022-07-22 19:42:45.267100,admin,2022-07-22 19:42:57,1,Import XML - 2022,100000,USD,2022-07-22 19:14:45,2022-07-23 19:14:45,,1,1,Daily,1,0,,https://raw.githubusercontent.com/vansuphan/react-app/master/import-xml-admin.xml,,,
203,admin,2022-07-23 04:55:50.798037,admin,2022-07-23 04:55:50.798037,1,New Campaign HwU,1000,USD,2022-07-23 04:55:29,2022-07-24 04:55:29,,3,1,Daily,1,0,,,,,
204,admin,2022-07-23 09:17:25.486883,admin,2022-07-23 09:18:39,1,I don't know,10000,USD,2022-07-27 00:00:00,2022-07-31 00:00:00,,1,1,Daily,1,0,,,,,
205,admin,2022-07-24 02:20:28.273352,admin,2022-07-24 02:20:47,1,Magic Service,12000,USD,2022-07-24 00:00:00,2022-07-31 00:00:00,,1,1,Daily,1,0,,,,,
206,admin,2022-07-24 02:37:59.349260,admin,2022-07-24 02:37:59.349260,1,Magic Service-copy,12000,USD,2022-07-24 00:00:00,2022-07-31 00:00:00,,1,1,Daily,1,0,,,,,
207,admin,2022-07-24 02:41:06.765212,admin,2022-07-24 02:41:06.765212,1,New Campaign test duplicate,120000,USD,2022-07-18 07:13:05,2022-07-19 07:13:05,,1,1,Daily,1,0,,,,,
208,admin,2022-07-24 02:42:43.551881,admin,2022-07-24 02:42:43.551881,1,Campaign 1151-copy,10000,USD,2022-06-09 00:00:00,2022-06-15 00:00:00,,1,1,Daily,1,0,,,,,
209,admin,2022-07-24 02:58:40.447341,admin,2022-07-24 02:58:40.447341,1,Campaign 1700187564-copy,20000,USD,2022-07-18 09:12:29,2022-07-19 09:12:29,,3,1,Daily,182,0,,,,,
210,admin,2022-07-24 03:08:17.003768,admin,2022-07-24 03:08:17.003768,1,New Campaign ats-copy,6000,USD,2022-07-18 08:01:38,2022-07-19 08:01:38,,3,1,Daily,3,0,,,,,
211,admin,2022-07-24 03:08:52.634650,admin,2022-07-24 03:08:52.634650,1,New Campaign dz-copy,2000,USD,2022-07-18 08:15:44,2022-07-19 08:15:44,,3,1,Daily,4,0,,,,,
212,admin,2022-07-24 07:55:12.735423,admin,2022-07-24 07:55:12.735423,1,New Campaign1,1000,USD,2022-07-24 00:00:00,2022-07-31 00:00:00,,1,1,Daily,1,0,,,,3,"{""authorUrl"":""https://login-isv.icimsmco.net/oauth/token"",""clientId"":""12066"",""clientSecret"":""IMR4iR2Be17xpw9sACMYTJVRrbZyDZo4"",""customerId"":""2RH9WWjV1CLcfQvomASsE2mM5AhYfAmR19T6iB8YAbE0HvfEzj912EhiOa2mayg6"",""apiUrl"":""https://api.icims.com/customers/12066/people""}"
213,admin,2022-07-24 07:55:21.624014,admin,2022-07-24 07:55:21.624014,1,Campaign 1455,1000000,USD,2022-07-24 07:54:06,2022-07-25 07:54:06,,3,1,Daily,1,0,,,,,
214,admin,2022-07-24 08:01:38.947945,admin,2022-07-24 08:01:38.947945,1,Campaign 1501,200000,USD,2022-07-24 08:01:09,2022-07-25 08:01:09,,3,1,Daily,40,0,,,,,
215,admin,2022-07-24 13:22:25.020741,admin,2022-07-24 13:22:25.020741,1,CP1,100,USD,2022-07-24 00:00:00,2022-07-31 00:00:00,,3,1,Daily,251,0,,,,,
216,admin,2022-07-24 13:30:13.151049,admin,2022-07-24 13:30:13.151049,1,CK01,1111,USD,2022-07-24 13:20:44,2022-07-25 13:20:44,,3,1,Daily,251,0,,,,,
217,admin,2022-07-24 13:49:57.704645,admin,2022-07-24 13:49:57.704645,1,New Campaign1,111,USD,2022-07-24 13:48:10,2022-07-25 13:48:10,,1,1,Daily,253,0,,,,,
218,admin,2022-07-24 13:58:35.122473,admin,2022-07-24 13:58:35.122473,1,K01,111,USD,2022-07-24 13:48:10,2022-07-25 13:48:10,,3,1,Daily,4,0,,,,,
219,admin,2022-07-24 15:38:35.857222,admin,2022-07-24 17:28:11,1,New Campaign create bt lta 1033,12000,USD,2022-07-24 00:00:00,2022-07-30 00:00:00,,1,1,Daily,3,4,,,,3,"{""authorUrl"":""https://www.figma.com/file/UKFhrNomAEjnzKY5fa5pBh/%5BGotoro%5D-Admin"",""clientId"":""clientidicms"",""clientSecret"":""camdoi"",""customerId"":""123456"",""apiUrl"":""https://insight.fsoft.com.vn/jira9/browse/FUSIONRL-1753?filter=-1""}"
220,admin,2022-07-25 06:58:00.697071,admin,2022-07-25 06:58:00.697071,1,New Campaign condition create bt lta 725 157,120000,USD,2022-07-25 06:54:53,2022-07-26 06:54:53,,1,1,Daily,40,0,,,,,
221,myuser,2022-07-25 06:59:00.823815,user1141,2022-07-26 09:21:30,1,Su only 1-copy,100000,USD,2022-07-25 06:57:14,2022-07-26 06:57:14,,1,1,Daily,1,0,,https://raw.githubusercontent.com/vansuphan/react-app/master/test-xml-only-su.xml,,,
222,myuser,2022-07-25 07:59:11.214068,myuser,2022-07-25 07:59:11.214068,1,Tien draft,500,USD,2022-07-25 07:21:56,2022-07-26 07:21:56,,1,1,Daily,1,0,,,,,
223,admin,2022-07-25 09:52:40.875909,admin,2022-07-25 10:18:26,1,Campaign 1652257,1000000,USD,2022-07-25 09:50:50,2022-07-26 09:50:50,,1,1,Daily,40,0,,https://raw.githubusercontent.com/fantruyent/job/main/job2.xml,,,
224,admin,2022-07-26 04:01:17.231945,admin,2022-07-26 04:01:17.231945,1,New Campaign create by lta  726 1100,12000,USD,2022-07-26 00:00:00,2022-07-30 00:00:00,,1,1,Daily,1,0,,,,,
225,admin,2022-07-26 04:04:22.058129,admin,2022-07-26 04:04:47,1,New Campaign test 726 1104 lta 123,12000,USD,2022-07-27 00:00:00,2022-07-30 00:00:00,,1,1,Daily,40,0,,,,,
226,user1141,2022-07-26 09:28:29.409059,user1141,2022-07-26 09:28:29.409059,1,Su only 1-copy-copy,100000,USD,2022-07-25 06:57:14,2022-07-26 06:57:14,,1,1,Daily,1,0,,,,,
227,admin,2022-07-26 09:33:58.832450,admin,2022-07-26 09:33:58.832450,1,New Campaignádfsafasdf-copy,12545,USD,2022-06-11 06:09:33,2022-06-12 06:09:33,,1,1,Daily,3,0,,,,,
228,admin,2022-07-26 09:41:57.144705,admin,2022-07-26 09:41:57.144705,1,New Campaignádfsafasdf-copy-copy,12545,USD,2022-06-11 06:09:33,2022-06-12 06:09:33,,1,1,Daily,3,0,,,,,
229,user1141,2022-07-26 09:43:19.182884,user1141,2022-07-26 09:43:19.182884,1,New Campaign1-copy,1000,USD,2022-07-24 00:00:00,2022-07-31 00:00:00,,1,1,Daily,1,0,,,,3,"{""authorUrl"":""https://login-isv.icimsmco.net/oauth/token"",""clientId"":""12066"",""clientSecret"":""IMR4iR2Be17xpw9sACMYTJVRrbZyDZo4"",""customerId"":""2RH9WWjV1CLcfQvomASsE2mM5AhYfAmR19T6iB8YAbE0HvfEzj912EhiOa2mayg6"",""apiUrl"":""https://api.icims.com/customers/12066/people""}"
230,user1141,2022-07-26 22:38:37.248027,user1141,2022-07-26 22:38:37.248027,1,New Campaign1-copy-copy,1000,USD,2022-07-24 00:00:00,2022-07-31 00:00:00,,1,1,Daily,1,0,,,,3,"{""authorUrl"":""https://login-isv.icimsmco.net/oauth/token"",""clientId"":""12066"",""clientSecret"":""IMR4iR2Be17xpw9sACMYTJVRrbZyDZo4"",""customerId"":""2RH9WWjV1CLcfQvomASsE2mM5AhYfAmR19T6iB8YAbE0HvfEzj912EhiOa2mayg6"",""apiUrl"":""https://api.icims.com/customers/12066/people""}"
231,Self_Client_Dev_2,2022-07-27 10:55:46.183306,Self_Client_Dev_2,2022-07-27 10:55:46.183306,1,Campaign_N_27071755,5000,USD,2022-07-27 00:00:00,2022-08-03 00:00:00,,1,1,Daily,2,5,,,,,
232,Self_Client_Dev,2022-07-27 10:57:35.356555,Self_Client_Dev,2022-07-27 10:57:35.356555,1,Campaign_N_27071756,1000,USD,2022-07-27 00:00:00,2022-08-03 00:00:00,,1,1,Daily,2,5,,,,,
233,user1141,2022-07-27 14:47:35.971754,user1141,2022-07-27 14:47:47,1,Campaign 2147,100000,USD,2022-07-27 14:38:37,2022-07-28 14:38:37,,1,1,Daily,1,0,,,,,
